{"type": "block", "layer": 13, "block": 0, "features": [{"geom": {"polygons": [[[[-1444.478033684427, 532.7875514786283], [-1297.5350725045428, 528.7223127364705], [-1299.183490359399, 491.371584753826], [-1295.9839516241627, 457.94830743104103], [-1284.7067765783286, 428.44958308219793], [-1270.2139921398193, 383.22074568193057], [-1455.9024401558854, 401.08233354540425], [-1454.2353312618798, 458.0920705116296], [-1450.9462325328786, 522.9639493373397], [-1444.478033684427, 532.7875514786283]]]], "centroids": [[-1370.3729808969947, 459.06158743496053, 0.0]], "h": 70.0}, "mtl": {"face": 0}}, {"geom": {"polygons": [[[[-1598.3514287988364, 31.623950224457076], [-1453.0225080301752, 19.69410640114802], [-1478.9004956192803, -23.532027517590905], [-1495.0947433442343, -72.66472719641752], [-1506.4244714342349, -100.17693902048632], [-1596.8538971500238, -94.1953319493623], [-1598.3514287988364, 31.623950224457076]]]], "centroids": [[-1539.2284721542092, -30.983861691347556, 0.0]], "h": 70.0}, "mtl": {"face": 0}}, {"geom": {"polygons": [[[[40.534388461266644, -266.6083800730121], [77.6573846450774, -294.1588676222891], [122.83635591214988, -347.2719257774006], [140.56149711253238, -400.36444752456737], [158.27522119882633, -469.1841392609931], [104.97373696541763, -478.9740940108022], [72.67126712750178, -482.88177371185157], [30.68926849612035, -473.0207370129938], [-20.972036450053565, -449.39084861890296], [-56.48490359305288, -427.73890051592025], [40.534388461266644, -266.6083800730121]]]], "centroids": [[56.661289381823735, -393.72506423605955, 0.0]], "h": 70.0}, "mtl": {"face": 0}}, {"geom": {"polygons": [[[[-288.7673609725316, -81.55979019924416], [-7.895896500034723, -242.98098601729725], [-187.39657351226197, -555.4217381764611], [-237.4335642310034, -519.996469177102], [-222.86953195359092, -482.65571435986203], [-203.47296022978844, -461.0459198706376], [-206.6860519289039, -439.41848935061716], [-216.35899022538797, -417.7860174428497], [-227.64991756455856, -400.084074921353], [-230.85677952159313, -370.5930278613523], [-230.82756643468747, -333.2408987027302], [-225.95813110895688, -301.79026041171164], [-224.3017099495628, -248.71217496038298], [-232.3502424133476, -215.28552967889118], [-256.56029607576784, -197.57342923633405], [-272.7002793660504, -185.76532604268868], [-303.3698599578056, -168.04801515038707], [-304.93506258982234, -105.13786915395758], [-288.7673609725316, -81.55979019924416]]]], "centroids": [[-164.4900113096519, -296.67056399412104, 0.0]], "h": 70.0}, "mtl": {"face": 0}}, {"geom": {"polygons": [[[[-296.9319026818848, -195.57574557358748], [-274.3275798781542, -201.49127142029465], [-251.73556474450743, -223.1339563864458], [-243.67477366453386, -240.83340384528856], [-243.70558090994018, -280.1514399727748], [-243.74254923927947, -327.33308026738814], [-243.79183972117607, -390.24192880201736], [-242.23231744533405, -461.01564150417107], [-247.09881091472926, -488.5344615271024], [-255.1922142302501, -512.1189416254929], [-337.51729843599605, -462.9064046848507], [-322.9591745973448, -433.42941207272816], [-301.9164461422479, -372.5030769710138], [-297.02656920743175, -315.49575723547605], [-292.1398542811221, -262.42023372629774], [-292.1057352318894, -219.17039251708775], [-296.9319026818848, -195.57574557358748]]]], "centroids": [[-275.82708154368447, -367.9868808436149, 0.0]], "h": 70.0}, "mtl": {"face": 0}}, {"geom": {"polygons": [[[[-366.62599479343044, -512.0308110335318], [-290.7621359672339, -563.2044165598636], [-353.83595101188985, -675.2108693000337], [-421.619067535823, -616.1796311348735], [-366.62599479343044, -512.0308110335318]]]], "centroids": [[-357.47932265358395, -591.7425009814615, 0.0]], "h": 70.0}, "mtl": {"face": 0}}, {"geom": {"polygons": [[[[-271.3899699478643, -573.049184245494], [-214.8897524435888, -604.5478786941094], [-286.0473047857522, -728.3438932341815], [-331.2382646741753, -690.956033604074], [-271.3899699478643, -573.049184245494]]]], "centroids": [[-274.90642722911434, -648.2836447033042, 0.0]], "h": 70.0}, "mtl": {"face": 0}}], "featureCount": 7, "startIndex": 0}