{"type": "block", "layer": 16, "block": 0, "features": [{"geom": {"polygons": [[[[-829.1119490717538, 207.87031965327333], [-837.2304546426167, 155.78073641718947], [-838.8570050335547, 142.0207858272188], [-846.9472125663597, 123.35156726455898], [-852.624342917552, 93.86782888762536], [-861.5178743684664, 80.11406879793503], [-870.4198143743561, 56.53080330378725], [-884.9738997109234, 32.95237410275149], [-892.2534922423074, 18.214314388431376], [-909.2098175557039, 18.228829487023177], [-914.853496321768, 28.06318873455166], [-930.9913787549303, 40.85542040280416], [-953.5836599910399, 59.550954661361175], [-976.1648029703647, 91.02491511029075], [-1001.1697981341858, 120.53513057573582], [-1017.2954369287763, 147.08883998388774], [-1039.8735706899024, 181.51181879636715], [-1058.41525892567, 214.94837699955679], [-1077.7504628100141, 264.1129098640813], [-1090.6424933933304, 294.59573601730517], [-1073.6892647456843, 291.6320255192404], [-1055.9251717678271, 292.59944881507545], [-1026.864905181399, 284.71049927923013], [-992.1543436648499, 274.85084211672074], [-967.9393456629186, 265.98332751201815], [-939.6888778708817, 255.14649988754536], [-917.0886238358216, 246.28051099341246], [-900.139456191042, 238.40236677307985], [-872.6937320214638, 230.51529475746793], [-851.7140566855378, 214.7701852361497], [-839.6085023318301, 207.8792287876422], [-829.1119490717538, 207.87031965327333]]]], "centroids": [[-945.9923162940249, 169.49259597470518, 0.0]], "h": 200.0}, "mtl": {"face": 0}}, {"geom": {"polygons": [[[[-798.254496587324, 415.2471764818474], [-686.0271410773566, 412.20419784341357], [-678.6525490820641, 541.9478193889663], [-498.61170478363056, 530.9873860107327], [-502.6822312672157, 489.70667770897853], [-512.4246211931459, 423.85677001657314], [-527.0028221177054, 368.82329601611127], [-543.1960342728125, 313.7911683842249], [-565.8496278971434, 257.78141130207223], [-590.923359487555, 204.7225605076237], [-612.7457774128707, 178.2008120341634], [-801.5896410114365, 290.4150195499242], [-798.254496587324, 415.2471764818474]]]], "centroids": [[-641.1220471513516, 370.64859597801114, 0.0]], "h": 200.0}, "mtl": {"face": 0}}, {"geom": {"polygons": [[[[-916.010527560109, 561.8073927723744], [-925.0058466443734, 429.11648525306373], [-875.7581836472673, 424.15956044281484], [-879.0457194552, 356.33863459239365], [-822.5309071710508, 351.37579906129395], [-827.4237410885398, 294.36870069164434], [-893.6010305191448, 330.7943057611992], [-912.976491824229, 333.75975660586846], [-937.1905165433709, 343.6100774902443], [-974.323116613843, 353.471618803771], [-1022.7551496669766, 368.2578943867993], [-1076.0375189059705, 376.168005497806], [-1114.78811782517, 382.0997288307699], [-1118.8070077617303, 402.74527215919807], [-1124.4095267047524, 458.77851286981604], [-1125.1762347505137, 504.9779718685022], [-1121.906816363684, 550.1909262427653], [-1119.4638590553368, 573.7796464283892], [-916.010527560109, 561.8073927723744]]]], "centroids": [[-999.5411393314134, 451.79732530540787, 0.0]], "h": 200.0}, "mtl": {"face": 0}}, {"geom": {"polygons": [[[[-1075.1304096955864, 1412.2001336127578], [-716.7016982129717, 1386.3365482064255], [-715.9116335588333, 1365.6938526927552], [-718.3582673181372, 1336.2072782324685], [-725.6472471066227, 1308.6906658043445], [-731.311726360349, 1292.9681462671433], [-740.222040990222, 1257.5892744339362], [-744.2785055160348, 1234.00178478405], [-866.9876850224973, 1240.9862609775446], [-875.9749354725645, 1116.1587960471225], [-1059.2339663977036, 1126.1466180571297], [-1070.4877738998039, 1182.184826550394], [-1078.525014887331, 1223.4759268475755], [-1093.0165340145759, 1269.687468895776], [-1099.4389354592422, 1310.9771765792684], [-1101.8505592825823, 1322.774743869697], [-1075.1304096955864, 1412.2001336127578]]]], "centroids": [[-929.3314605284249, 1280.6543926693266, 0.0]], "h": 200.0}, "mtl": {"face": 0}}, {"geom": {"polygons": [[[[-505.95463300155825, 1430.395716214407], [-498.7047334483068, 1410.7307445933402], [-493.07423179780017, 1385.1693693680281], [-487.4413070996234, 1362.556858615164], [-476.96678365115076, 1336.991568963189], [-472.9603773520794, 1299.6360779477109], [-462.462705194921, 1302.5764505744737], [-455.2284784990188, 1263.2524541736639], [-463.3057821992261, 1258.3442092736077], [-461.700645424542, 1246.5474666861992], [-458.5054423052352, 1204.277874209365], [-456.9328297660686, 1152.1800590678176], [-460.21222441640566, 1090.2566307083762], [-575.6582328213262, 1096.2483406516549], [-571.5690971698205, 1160.1369730721053], [-624.8480110524979, 1167.0614977284858], [-621.5488530871808, 1251.592797950172], [-716.8093629531795, 1257.5696687039745], [-710.3285218733945, 1284.1040073359327], [-702.23962279642, 1302.7733779509144], [-695.7514798688644, 1338.1543083123688], [-693.3049201310787, 1367.6408888306178], [-691.672250626696, 1389.2645169993339], [-669.064784576156, 1392.1945668968547], [-649.6890630059061, 1392.1784886830428], [-619.0067807864107, 1397.0678830555698], [-579.4391604957927, 1407.8478062683425], [-553.6008890576195, 1412.7414000544522], [-525.334278148599, 1425.496720392519], [-505.95463300155825, 1430.395716214407]]]], "centroids": [[-562.9202753834543, 1267.2558987262892, 0.0]], "h": 200.0}, "mtl": {"face": 0}}, {"geom": {"polygons": [[[[-1272.9105828827887, 1427.1197929384361], [-1277.8674796184641, 1301.3061068092647], [-1185.0306475276884, 1294.3425375488296], [-1235.212453801505, 1151.8588996439648], [-1269.123514024628, 1148.940391989454], [-1269.125277393905, 1146.974485836894], [-1393.4535159383668, 1150.03571881252], [-1394.2769737679046, 1132.3432986502012], [-1436.2571132524754, 1134.3475377505238], [-1437.0482601578406, 1152.041432391532], [-1499.2082496515359, 1157.9962759123591], [-1480.3806400785397, 1439.1038176213915], [-1272.9105828827887, 1427.1197929384361]]]], "centroids": [[-1363.9643098268716, 1280.7966763827426, 0.0]], "h": 200.0}, "mtl": {"face": 0}}, {"geom": {"polygons": [[[[-1458.29070447298, 1757.5608004547248], [-1208.8549351685506, 1738.6591043822991], [-1179.9398553491337, 1572.514075807674], [-1278.4285102236609, 1575.5508598909655], [-1287.421109706018, 1450.7237306320749], [-1478.7397742771718, 1467.6079846272187], [-1458.29070447298, 1757.5608004547248]]]], "centroids": [[-1346.3790021906025, 1613.2891371399164, 0.0]], "h": 200.0}, "mtl": {"face": 0}}, {"geom": {"polygons": [[[[-785.8477453044325, 1722.565007121506], [-776.1734919149603, 1706.8295756636362], [-764.8953680408595, 1678.3143964506744], [-755.240031883528, 1639.971051876928], [-742.3529269816063, 1604.5738710647274], [-854.572206435696, 1599.7539477840473], [-853.8552761090396, 1493.5942692050885], [-889.3795583764149, 1490.675717316888], [-889.4316768322024, 1429.732600379124], [-1075.1097519527248, 1435.791016744537], [-1072.6516579134623, 1477.072943723906], [-1074.2275563977018, 1521.3072681848134], [-1076.625381091173, 1548.8320907159068], [-1084.6579541519168, 1595.0379883501155], [-1092.6973461825692, 1633.3802662086382], [-1099.931099754409, 1669.7559366338246], [-1107.1786234832543, 1690.4043529802293], [-1120.0563912040088, 1734.6486447900825], [-1031.2603392596939, 1727.6901932100009], [-986.8635399406776, 1722.7368627648975], [-927.9354224767594, 1717.7712482526258], [-854.4709420551953, 1718.6913562408008], [-785.8477453044325, 1722.565007121506]]]], "centroids": [[-951.0509370853542, 1597.0331141364004, 0.0]], "h": 200.0},